index,frame_0,frame_1,frame_2,frame_3,frame_4,frame_5,frame_6,frame_7,frame_8,frame_9,frame_10,frame_11,frame_12,frame_13,frame_14,frame_15,frame_16,frame_17,frame_18,frame_19,frame_20,frame_21,frame_22,frame_23,frame_24,frame_25,frame_26,frame_27,frame_28,frame_29,frame_30,frame_31,frame_32,frame_33,frame_34,frame_35,frame_36,frame_37,frame_38,frame_39,frame_40,frame_41,frame_42,frame_43,frame_44,frame_45,frame_46,frame_47,frame_48,frame_49,frame_50,frame_51,frame_52,frame_53,frame_54,frame_55,frame_56,frame_57,frame_58,frame_59,frame_60,frame_61,frame_62,frame_63,frame_64,frame_65,frame_66,frame_67,frame_68,frame_69,frame_70,frame_71,frame_72,frame_73,frame_74,frame_75,frame_76,frame_77,frame_78,frame_79,frame_80,frame_81,frame_82,frame_83,frame_84,frame_85,frame_86,frame_87,frame_88,frame_89,frame_90,frame_91,frame_92,frame_93,frame_94,frame_95,frame_96,frame_97,frame_98,frame_99,frame_100,frame_101,frame_102,frame_103,frame_104,frame_105,frame_106,frame_107,frame_108,frame_109,frame_110,frame_111,frame_112,frame_113,frame_114,frame_115,frame_116,frame_117,frame_118,frame_119,frame_120,frame_121,frame_122,frame_123,frame_124,frame_125,frame_126,frame_127,frame_128,frame_129,frame_130,frame_131,frame_132,frame_133,frame_134,frame_135,frame_136,frame_137,frame_138,frame_139,frame_140,frame_141,frame_142,frame_143,frame_144,frame_145,frame_146,frame_147,frame_148,frame_149,frame_150,frame_151,frame_152,frame_153,frame_154,frame_155,frame_156,frame_157,frame_158,frame_159,frame_160
"(11, 'x')",0.4250277578830719,0.4249513149261474,0.4249493479728699,0.4246178567409515,0.4241044521331787,0.4237026572227478,0.4229447841644287,0.4228300452232361,0.4225257933139801,0.422410100698471,0.4223261475563049,0.4222698211669922,0.4222597479820251,0.4222624897956848,0.4222634434700012,0.4222213327884674,0.4221225678920746,0.4220992028713226,0.4220375120639801,0.4217278957366943,0.4214081168174743,0.4207030236721039,0.4196783602237701,0.4189586043357849,0.4181225299835205,0.4167187809944153,0.4155784547328949,0.4144323766231537,0.4140657782554626,0.4139886796474457,0.41396164894104,0.4140302240848541,0.4142899513244629,0.4147253930568695,0.4149932861328125,0.4159781038761139,0.4170521795749664,0.417388916015625,0.4176003336906433,0.4177241325378418,0.4178792834281921,0.4180375039577484,0.4183911383152008,0.4189685881137848,0.4194669127464294,0.4196193814277649,0.4197838306427002,0.4199085235595703,0.4201842248439789,0.4203965663909912,0.4204217493534088,0.4205016195774078,0.4207183718681335,0.4208295345306396,0.4208994805812835,0.4209164083003998,0.4209539890289306,0.42116379737854,0.4212871193885803,0.4214253425598144,0.4215380251407623,0.4216007590293884,0.4216934740543365,0.4217482507228851,0.4217941761016845,0.421807050704956,0.4218092858791351,0.421826422214508,0.4218417704105377,0.4219036102294922,0.4219563007354736,0.4220120310783386,0.4220933318138122,0.4221218228340149,0.4221170842647552,0.4220357835292816,0.4219155311584472,0.4217332303524017,0.4215388894081116,0.4214197099208832,0.4212586879730224,0.4210874140262604,0.4208599030971527,0.4207664430141449,0.4205720424652099,0.420449435710907,0.4203433990478515,0.4203322529792785,0.4202500283718109,0.420184314250946,0.4200126230716705,0.4198550283908844,0.4195438921451568,0.4194990694522857,0.4195596277713775,0.4195613861083984,0.4195540845394134,0.4193123877048492,0.4191497266292572,0.4190296530723572,0.4189207553863525,0.4188806116580963,0.4185671210289001,0.4183050096035003,0.4180404543876648,0.4178066849708557,0.4176410734653473,0.4175816178321838,0.4174831509590149,0.4173142910003662,0.4167274832725525,0.4166284203529358,0.4166028499603271,0.416456401348114,0.4163818955421448,0.4163782596588135,0.4163499772548675,0.4163761138916015,0.4164373874664306,0.4166920781135559,0.4169883131980896,0.417081207036972,0.4172267317771911,0.4174104630947113,0.4175210893154144,0.4175846576690674,0.4177685678005218,0.4179533123970032,0.4182731211185455,0.4186605811119079,0.4190445840358734,0.4192071855068207,0.4192058444023132,0.4192019402980804,0.4190263152122497,0.4187637865543365,0.4184587001800537,0.4183388352394104,0.4183363914489746,0.4184196591377258,0.41849485039711,0.4186314940452575,0.4187590479850769,0.4187707901000976,0.4188742041587829,0.4188774526119232,0.418893039226532,0.4187763631343841,0.4187699258327484,0.4187732636928558,0.4188144207000732,0.4189793467521667,0.4191562533378601,0.4193577170372009,0.4195699095726013,0.419750452041626,0.4198158383369446,0.4198425710201263,0.419860690832138,0.4198664724826813,0.4198694825172424
"(11, 'y')",0.4440343081951141,0.4452672600746155,0.4456746876239776,0.4459694623947143,0.4460204243659973,0.4460339844226837,0.445864737033844,0.4457943439483642,0.4462139010429382,0.4465436339378357,0.446649432182312,0.4466484487056732,0.4466462731361389,0.447041779756546,0.4469453692436218,0.447144865989685,0.4474896192550659,0.4476863443851471,0.4521616101264953,0.4547230303287506,0.4572101533412933,0.46002858877182,0.4625057578086853,0.4640052020549774,0.4663034975528717,0.4692421853542328,0.472326397895813,0.4761102497577667,0.4795263409614563,0.4808892607688904,0.4817393720149994,0.4849100410938263,0.4868551790714264,0.4899912178516388,0.4918400347232818,0.4918543398380279,0.4922453165054321,0.4933182597160339,0.4954099953174591,0.496510773897171,0.4972971081733703,0.4988669157028198,0.4990733563899994,0.4992988705635071,0.5011050701141357,0.5040869116783142,0.5067894458770752,0.508773684501648,0.5097259283065796,0.5096603631973267,0.5093116760253906,0.5090963244438171,0.508764922618866,0.5085464119911194,0.5084506273269653,0.5083484053611755,0.50823974609375,0.5079412460327148,0.5078457593917847,0.5077969431877136,0.5077416896820068,0.5075823068618774,0.5072803497314453,0.5069198608398438,0.506374180316925,0.5058034658432007,0.505639910697937,0.5055593848228455,0.50547194480896,0.5054156184196472,0.5053714513778687,0.5053570866584778,0.5053136348724365,0.5052933096885681,0.5052598118782043,0.5051953792572021,0.5051451325416565,0.5049719214439392,0.5046127438545227,0.5041959881782532,0.5039259791374207,0.5037492513656616,0.5034986138343811,0.5034288763999939,0.5031786561012268,0.5028089880943298,0.5025162100791931,0.5021436214447021,0.5016905665397644,0.5006466507911682,0.50016188621521,0.4999591708183288,0.4999506771564483,0.4996673464775085,0.499244213104248,0.4983344078063965,0.4976594150066376,0.496793657541275,0.4957547783851623,0.4946119487285614,0.4933992028236389,0.4918815195560455,0.4899790585041046,0.4883376359939575,0.4865407347679138,0.4846059083938598,0.4830337464809418,0.4815990030765533,0.4800918996334076,0.478813886642456,0.4783445000648498,0.4775920808315277,0.4766203165054321,0.4760058224201202,0.4751020967960357,0.4741250872611999,0.4733781516551971,0.4734247028827667,0.4735598564147949,0.473592072725296,0.473665326833725,0.4733621776103973,0.4730274081230163,0.4721920490264892,0.4717099070549011,0.4715538322925567,0.4705268442630768,0.4693675637245178,0.4688788950443268,0.4674578309059143,0.4666886627674103,0.466278463602066,0.4656488597393036,0.4656295776367187,0.465337336063385,0.4651470184326172,0.4650264680385589,0.4645404517650604,0.4623440206050873,0.4602018892765045,0.4570798575878143,0.4535255134105682,0.451027512550354,0.4510111212730407,0.4513705372810364,0.4516637027263641,0.4518962800502777,0.451769471168518,0.450780987739563,0.4495451152324676,0.448861300945282,0.4483109414577484,0.4477666616439819,0.4474166333675384,0.4473626315593719,0.4472272992134094,0.4472281038761139,0.4472699165344238,0.4472946524620056,0.4473146200180053,0.447321206331253
"(11, 'z')",-0.1301127821207046,-0.1103983744978904,-0.0810219272971153,-0.0921517238020896,-0.097665399312973,-0.0902738347649574,-0.0944825634360313,-0.0921930447220802,-0.0941990837454795,-0.0909224972128868,-0.0798776000738143,-0.0749649405479431,-0.0748125463724136,-0.0740268230438232,-0.0730703696608543,-0.0710283741354942,-0.0691725686192512,-0.0659980997443199,-0.0678074732422828,-0.0688809901475906,-0.0591777339577674,-0.0567987784743309,-0.0547330155968666,-0.0484104789793491,-0.033472366631031,-0.0272649377584457,-0.0288133807480335,-0.0342900231480598,-0.0442086681723594,-0.0336821898818016,-0.026570176705718,-0.0166150238364934,-0.0210395511239767,-0.0214734766632318,-0.0195831097662448,-0.025552025064826,-0.0305534191429615,-0.0239346735179424,-0.0207897555083036,-0.0211453828960657,-0.0193831175565719,-0.0128031419590115,-0.0088361371308565,0.0006423653685487,-0.007991581223905,-0.0097752595320343,-0.0107421996071934,-0.0115392627194523,-0.0187308713793754,-0.018275287002325,-0.0160175282508134,-0.0096154799684882,-0.006993050687015,-0.005324721802026,-0.0027863553259521,-0.0040210736915469,-0.0056434012949466,-0.0068497732281684,-0.0096131302416324,-0.0113285286352038,-0.0112902512773871,-0.0094102006405591,-0.0091321486979722,-0.0040568024851381,-0.0026964754797518,-0.0013422197662293,0.0006950389361009,0.0018330805469304,0.0022068615071475,0.0019931639544665,0.001540315686725,0.002149655483663,0.0046703778207302,0.0068912440910935,0.0123859532177448,0.0172180868685245,0.0191743709146976,0.0194171965122222,0.0199084524065256,0.022007692605257,0.0203163363039493,0.019294299185276,0.0186736993491649,0.0183934736996889,0.0158858187496662,0.0179857332259416,0.014346519485116,0.0136637091636657,0.0062156557105481,0.0074321469292044,0.0034343381412327,-0.0032602343708276,-0.0101216416805982,-0.0161568112671375,-0.0148140164092183,-0.012016256339848,-0.0175374932587146,-0.0172573737800121,-0.0221462287008762,-0.0222142301499843,-0.0187814254313707,-0.0128620909526944,-0.0117310089990496,-0.0080121802166104,-0.0067738788202404,-0.0025207628495991,-0.0008743790676817,0.0024046972393989,0.0015364550054073,0.0050520338118076,0.0134719805791974,0.0103121493011713,0.0086949253454804,0.0078693702816963,0.0040427483618259,-0.0050704539753496,-0.0109520209953188,-0.0242363791912794,-0.0369845703244209,-0.027342040091753,-0.0318239144980907,-0.0374686196446418,-0.0401622503995895,-0.0411322526633739,-0.038876075297594,-0.0377327613532543,-0.0361705981194973,-0.0361142642796039,-0.0348233915865421,-0.0288637317717075,-0.0236023925244808,-0.0345268286764621,-0.035467691719532,-0.0323697701096534,-0.0278789941221475,-0.029024040326476,-0.0346423164010047,-0.0451012142002582,-0.0440823435783386,-0.0454300604760646,-0.0525305457413196,-0.0515948310494422,-0.0673598423600196,-0.0615661852061748,-0.063865453004837,-0.0752736702561378,-0.0916886180639267,-0.0875230357050895,-0.0849329605698585,-0.0859524682164192,-0.0844943970441818,-0.0848063677549362,-0.0860931798815727,-0.0871059447526931,-0.0905722379684448,-0.0967320576310157,-0.1062176600098609,-0.1024976819753646,-0.1020547747611999,-0.1016404628753662,-0.1047170534729957
"(11, 'visibility')",0.999536633491516,0.9995564222335817,0.9995797276496888,0.9996077418327332,0.9996309280395508,0.9996491074562072,0.9996649622917176,0.9996784329414368,0.9996932148933412,0.999710500240326,0.9997274875640868,0.9997435808181764,0.9997579455375672,0.9997723698616028,0.9997864961624146,0.999802589416504,0.9998182058334352,0.9998310804367064,0.9998430013656616,0.9998548030853271,0.9998660087585448,0.9998759031295776,0.999885320663452,0.9998922944068908,0.9998990893363952,0.9999043345451356,0.9999086260795592,0.9999123215675354,0.9999153017997742,0.9999173879623412,0.9999186396598816,0.999919891357422,0.9999197125434875,0.9999182224273682,0.9999200105667114,0.999919056892395,0.9999196529388428,0.9999212622642516,0.9999239444732666,0.999927580356598,0.9999317526817322,0.9999364614486694,0.9999402165412904,0.999944031238556,0.9999467730522156,0.99994957447052,0.999952495098114,0.999955713748932,0.9999584555625916,0.9999611973762512,0.9999632835388184,0.999964952468872,0.9999659061431884,0.9999667406082152,0.9999675154685974,0.9999681115150452,0.9999688267707824,0.9999696016311646,0.9999701976776124,0.9999707341194152,0.999971330165863,0.9999720454216005,0.9999725222587584,0.9999730587005616,0.9999731183052064,0.9999728798866272,0.9999727606773376,0.9999725818634032,0.9999728798866272,0.9999734163284302,0.999973714351654,0.9999741911888124,0.9999749660491944,0.9999753832817078,0.9999758005142212,0.9999760985374452,0.9999761581420898,0.9999762773513794,0.999976396560669,0.9999764561653136,0.9999762773513794,0.999976396560669,0.999976634979248,0.9999768733978271,0.999976634979248,0.9999760389328004,0.9999754428863524,0.9999739527702332,0.9999720454216005,0.9999697804450988,0.999966323375702,0.999962031841278,0.9999567866325378,0.9999520182609558,0.9999470710754396,0.9999426007270812,0.9999391436576844,0.9999351501464844,0.99993234872818,0.9999300837516784,0.9999287724494934,0.99992835521698,0.9999282360076904,0.9999279975891112,0.9999281167984008,0.9999284148216248,0.9999291896820068,0.9999297261238098,0.9999317526817322,0.9999336004257202,0.9999351501464844,0.9999364018440248,0.999937117099762,0.9999377131462096,0.9999393820762634,0.999940812587738,0.9999425411224364,0.9999438524246216,0.9999443292617798,0.999944806098938,0.999944806098938,0.9999451637268066,0.9999446868896484,0.9999436736106871,0.9999424815177916,0.999940037727356,0.9999387860298156,0.9999356865882874,0.9999331831932068,0.999931573867798,0.9999298453330994,0.9999274611473083,0.9999255537986756,0.9999261498451232,0.9999258518218994,0.9999262690544128,0.9999260902404784,0.9999265670776368,0.9999264478683472,0.9999244809150696,0.9999240040779114,0.9999216794967652,0.9999208450317384,0.9999212026596068,0.9999216198921204,0.9999220967292786,0.9999209046363832,0.9999207258224488,0.9999204874038696,0.9999197721481324,0.9999197721481324,0.9999199509620668,0.9999201893806458,0.9999207258224488,0.9999215602874756,0.9999216794967652,0.9999216794967652,0.9999220371246338,0.9999224543571472,0.9999220371246338,0.9999213218688964
"(12, 'x')",0.5110812783241272,0.5113397240638733,0.5115296244621277,0.5120526552200317,0.5122028589248657,0.5123583078384399,0.5124125480651855,0.5125694870948792,0.5127629041671753,0.512990415096283,0.5131109952926636,0.5131701231002808,0.5134178400039673,0.513872504234314,0.5143404006958008,0.5149203538894653,0.5151917934417725,0.5155738592147827,0.515787661075592,0.5159278512001038,0.5163305997848511,0.5164352655410767,0.5167779326438904,0.51683109998703,0.5168298482894897,0.5167919993400574,0.5165244340896606,0.5161139369010925,0.5161010026931763,0.5158040523529053,0.5157263278961182,0.5152225494384766,0.5152304768562317,0.5151923298835754,0.5151956081390381,0.5153454542160034,0.5158311128616333,0.5159236192703247,0.515885055065155,0.515880823135376,0.515903651714325,0.5160514712333679,0.5160602927207947,0.5157965421676636,0.5157603025436401,0.5157601237297058,0.5158208608627319,0.5158449411392212,0.5158524513244629,0.5158463716506958,0.5157842040061951,0.5157294273376465,0.5157057046890259,0.5155805349349976,0.5155758261680603,0.515557587146759,0.5155352354049683,0.5155086517333984,0.5154973864555359,0.5154808163642883,0.515479564666748,0.5154796838760376,0.5154938697814941,0.5154939293861389,0.5154932141304016,0.5154927968978882,0.5154918432235718,0.5154826641082764,0.5154732465744019,0.5154587030410767,0.515457272529602,0.5154556632041931,0.5154628753662109,0.5154584646224976,0.5154547095298767,0.5154448747634888,0.5154450535774231,0.5154440402984619,0.515436053276062,0.5153969526290894,0.5154151916503906,0.5154536366462708,0.5156029462814331,0.5159129500389099,0.5160168409347534,0.5160489082336426,0.5162397027015686,0.516513466835022,0.5165727138519287,0.5165801644325256,0.5166028141975403,0.5165795087814331,0.5164787173271179,0.5164922475814819,0.5165287256240845,0.5165366530418396,0.5165397524833679,0.5165058374404907,0.5164303779602051,0.5162442922592163,0.5160819292068481,0.5159553289413452,0.515859842300415,0.5157332420349121,0.5153485536575317,0.5153285264968872,0.515408456325531,0.5155736207962036,0.515690803527832,0.5159462690353394,0.5161336660385132,0.5164440274238586,0.5169054865837097,0.5171758532524109,0.5174563527107239,0.5174539685249329,0.5174817442893982,0.5173784494400024,0.5170708894729614,0.5167816877365112,0.5167384743690491,0.5167150497436523,0.5166606307029724,0.5165950655937195,0.5164613723754883,0.5162886381149292,0.5162893533706665,0.5162879228591919,0.516247570514679,0.5162219405174255,0.5161864757537842,0.5158379673957825,0.5156660079956055,0.5156221389770508,0.5155661106109619,0.515395998954773,0.514867901802063,0.5142026543617249,0.5137712955474854,0.513252317905426,0.5131697058677673,0.5131837129592896,0.5131792426109314,0.5131526589393616,0.5130754709243774,0.5129839181900024,0.5128893256187439,0.5129057168960571,0.5129687190055847,0.5131025910377502,0.5131590962409973,0.5132101774215698,0.5132269859313965,0.5132704973220825,0.5133865475654602,0.5135055780410767,0.5137231349945068,0.513741135597229,0.5138590335845947,0.5139071345329285,0.5139584541320801
"(12, 'y')",0.4440732300281524,0.4455583691596985,0.4469136893749237,0.448354035615921,0.4482999444007873,0.4486609101295471,0.4489710628986358,0.4492036998271942,0.4494449496269226,0.4495705068111419,0.4495833218097687,0.4495657086372375,0.4494601786136627,0.4499082267284393,0.4500553905963897,0.4518721997737884,0.4534748792648315,0.455968976020813,0.4588809907436371,0.4621269702911377,0.4647179543972015,0.4666733741760254,0.467612624168396,0.4680461585521698,0.4700150489807129,0.4712381958961487,0.4712592959403991,0.4745603799819946,0.4787096977233886,0.4816285967826843,0.4827584624290466,0.485604465007782,0.4850997626781463,0.487544983625412,0.4901706576347351,0.491200178861618,0.4919676482677459,0.4926571846008301,0.4950748980045318,0.497506320476532,0.5005766749382019,0.5028952956199646,0.5050562024116516,0.5061596035957336,0.5074478387832642,0.5084112882614136,0.510175347328186,0.5117599368095398,0.5123701095581055,0.5126277804374695,0.5127356052398682,0.5126877427101135,0.5126157999038696,0.5125142931938171,0.5124208927154541,0.5123500823974609,0.5122871398925781,0.5122427344322205,0.5121999979019165,0.5121625065803528,0.512140154838562,0.5120745301246643,0.5120015740394592,0.5118227005004883,0.5115357637405396,0.5113797187805176,0.511275589466095,0.5110976099967957,0.5108062028884888,0.5107198357582092,0.5106161236763,0.5104883313179016,0.5103877782821655,0.5102495551109314,0.5101909637451172,0.510174036026001,0.5101609230041504,0.510155975818634,0.5101540684700012,0.5100904703140259,0.5100233554840088,0.5099871158599854,0.509905219078064,0.5094473361968994,0.5089717507362366,0.5086880326271057,0.5083459615707397,0.5073641538619995,0.5065272450447083,0.5053131580352783,0.5048585534095764,0.504511833190918,0.5044742226600647,0.5042799711227417,0.5037801265716553,0.5034915208816528,0.5034096837043762,0.5034961700439453,0.503727912902832,0.5037099123001099,0.5031777024269104,0.501427948474884,0.4996752440929413,0.4988979697227478,0.4985224306583404,0.4971885979175567,0.4950303733348846,0.4927822947502136,0.4907732605934143,0.4889731407165527,0.4872266948223114,0.4851850867271423,0.4825518727302551,0.4816857278347015,0.4816396534442901,0.4814524352550506,0.4811743497848511,0.4813992381095886,0.481592446565628,0.481704831123352,0.4817719459533691,0.4814198017120361,0.4804020226001739,0.4794962108135223,0.4779277443885803,0.477020263671875,0.4762227237224579,0.4747976064682007,0.4740165174007416,0.472678542137146,0.4713311195373535,0.4704915881156921,0.4690730571746826,0.4671956896781921,0.4647643268108368,0.4636752605438232,0.463834136724472,0.4624691307544708,0.4610110521316528,0.4603571593761444,0.4578238725662231,0.4566295742988586,0.454643577337265,0.454051673412323,0.4540246427059173,0.4534509778022766,0.4530978202819824,0.4518650472164154,0.450923204421997,0.4507501721382141,0.4508067667484283,0.4508878886699676,0.4509418904781341,0.4509967863559723,0.4510364532470703,0.4510654807090759,0.4510972201824188,0.4513378143310547,0.4514584541320801,0.4515376687049866,0.4516229927539825
"(12, 'z')",-0.1403957903385162,-0.137741819024086,-0.1191665679216384,-0.1196493953466415,-0.1229723691940307,-0.1235101595520973,-0.1238032355904579,-0.1245065778493881,-0.1251817643642425,-0.1208351030945777,-0.1119771152734756,-0.1059915572404861,-0.099089927971363,-0.0934562385082244,-0.0837800949811935,-0.0784861743450164,-0.0803343877196312,-0.0787822306156158,-0.0784266516566276,-0.0803569629788398,-0.0669010952115058,-0.0724253952503204,-0.0685901194810867,-0.0623659417033195,-0.058515541255474,-0.0560359545052051,-0.0576233454048633,-0.0589081458747386,-0.0602698400616645,-0.0562402829527854,-0.0564203560352325,-0.0410859175026416,-0.0432422533631324,-0.03551522269845,-0.0274836607277393,-0.0330739840865135,-0.0294947475194931,-0.014796788804233,-0.0131984278559684,0.0001913428714033,0.0078904470428824,0.0129517298191785,0.0222217012196779,0.0368862599134445,0.0204848833382129,0.0164484716951847,0.0150166554376482,0.0171216633170843,0.015773594379425,0.0163132213056087,0.0163055025041103,0.0190870109945535,0.018507283180952,0.0183519907295703,0.0198253151029348,0.0194336809217929,0.019183138385415,0.0190912075340747,0.0177561976015567,0.0154749201610684,0.0153552247211337,0.016287911683321,0.0161333139985799,0.0190207548439502,0.0195661075413227,0.0202814750373363,0.0206331294029951,0.0208306703716516,0.0227404534816741,0.0244908519089221,0.0244172308593988,0.0261961016803979,0.0306516196578741,0.0319417305290699,0.0368666425347328,0.0400104448199272,0.0408494807779789,0.0400905348360538,0.0392118878662586,0.0397376865148544,0.0393877252936363,0.0388441607356071,0.0384235717356205,0.0366417244076728,0.02939991094172,0.0299788862466812,0.0240369271486997,0.0238709151744842,0.0139232100918889,0.0139815751463174,-5.900170071981847e-05,-0.0101617285981774,-0.0217734538018703,-0.0280555598437786,-0.0280190799385309,-0.0242894832044839,-0.0297360979020595,-0.0325591415166854,-0.0418961532413959,-0.0440702922642231,-0.0373408757150173,-0.0340548977255821,-0.0345393642783165,-0.0333948507905006,-0.0331783518195152,-0.0283884797245264,-0.0252851732075214,-0.0209390725940465,-0.020936693996191,-0.0177278816699981,-0.0167340077459812,-0.0174224562942981,-0.0209171269088983,-0.0251357015222311,-0.03488190472126,-0.0489410683512687,-0.0560965724289417,-0.0727875083684921,-0.0830451399087905,-0.0733451694250106,-0.0794851332902908,-0.0849942713975906,-0.0873799696564674,-0.0869388133287429,-0.0893473252654075,-0.0889479294419288,-0.0879349559545517,-0.0914997905492782,-0.0903640538454055,-0.0892749279737472,-0.0880243331193924,-0.1048628538846969,-0.1044033020734787,-0.1003864407539367,-0.0998921915888786,-0.0982058048248291,-0.0973056927323341,-0.1020726338028907,-0.1005107760429382,-0.1076088920235633,-0.1100666895508766,-0.1134071722626686,-0.1262712627649307,-0.1249744892120361,-0.1211754456162452,-0.1197191923856735,-0.124388538300991,-0.1225681751966476,-0.1229827255010604,-0.1222396045923233,-0.1219822540879249,-0.1221969574689865,-0.1253186017274856,-0.1272653490304947,-0.1300968080759048,-0.1341928392648697,-0.1349618881940841,-0.1368297636508941,-0.1367820054292678,-0.1381501853466034,-0.1420944482088089
"(12, 'visibility')",0.9997058510780334,0.9997254014015198,0.999746561050415,0.9997665882110596,0.999783992767334,0.9997992515563964,0.999813437461853,0.9998254776000975,0.999836802482605,0.9998481273651124,0.9998589754104614,0.9998690485954284,0.9998778104782104,0.9998855590820312,0.9998928308486938,0.9999006390571594,0.9999082684516908,0.9999141097068788,0.9999198317527772,0.9999259114265442,0.9999313950538636,0.9999359250068665,0.9999407529830932,0.999944269657135,0.999947428703308,0.9999501705169678,0.9999526143074036,0.9999540448188782,0.999955415725708,0.9999558329582214,0.9999563694000244,0.9999563097953796,0.9999555945396424,0.9999538064002992,0.9999523758888244,0.9999468326568604,0.9999405741691588,0.9999356269836426,0.9999340772628784,0.9999334812164308,0.9999350309371948,0.9999369978904724,0.9999391436576844,0.9999420642852784,0.999942421913147,0.9999434947967528,0.9999447464942932,0.9999468326568604,0.9999481439590454,0.9999496936798096,0.9999508261680604,0.9999515414237976,0.9999516010284424,0.9999518990516664,0.999952495098114,0.9999526739120485,0.9999538064002992,0.9999547600746156,0.999955713748932,0.999956488609314,0.9999573230743408,0.9999584555625916,0.9999591708183287,0.9999597668647766,0.9999599456787108,0.9999600052833556,0.9999603033065796,0.999960482120514,0.9999610185623168,0.9999619126319884,0.9999626874923706,0.999963641166687,0.9999646544456482,0.999965250492096,0.9999659061431884,0.9999665021896362,0.9999668598175048,0.999967396259308,0.999967634677887,0.9999675750732422,0.9999671578407288,0.9999672174453736,0.9999672174453736,0.9999669790267944,0.999966323375702,0.9999655485153198,0.999964714050293,0.9999628663063048,0.9999598264694214,0.9999555945396424,0.9999513030052184,0.9999465346336364,0.9999419450759888,0.9999370574951172,0.999933123588562,0.999930500984192,0.9999290704727172,0.9999282360076904,0.9999281167984008,0.9999290108680724,0.9999306201934814,0.9999326467514038,0.9999348521232604,0.9999366402626038,0.9999379515647888,0.9999393224716188,0.9999408721923828,0.9999419450759888,0.999943733215332,0.9999457001686096,0.9999480843544006,0.999950110912323,0.9999520182609558,0.9999538660049438,0.9999560713768004,0.9999580979347228,0.9999600648880004,0.9999617338180542,0.9999625086784364,0.999963402748108,0.9999639987945556,0.9999647736549376,0.9999651312828064,0.9999651908874512,0.9999651908874512,0.9999642372131348,0.9999642372131348,0.9999630451202391,0.9999626874923706,0.9999626874923706,0.9999626874923706,0.9999624490737916,0.9999621510505676,0.9999628067016602,0.999963402748108,0.99996417760849,0.9999647736549376,0.9999656677246094,0.9999662041664124,0.9999664425849916,0.9999668598175048,0.9999662041664124,0.9999662637710572,0.9999669194221495,0.9999673366546632,0.999967396259308,0.9999662041664124,0.9999658465385436,0.9999656677246094,0.999964952468872,0.9999646544456482,0.9999644160270692,0.9999642968177797,0.9999642372131348,0.9999643564224244,0.9999643564224244,0.999963879585266,0.9999639391899108,0.9999639391899108,0.9999637007713318,0.9999632239341736
"(13, 'x')",0.4259803295135498,0.4258512556552887,0.4254650175571441,0.425135999917984,0.4248793125152588,0.423828512430191,0.4227305948734283,0.4225994646549225,0.4226143360137939,0.4226343631744385,0.4226613640785217,0.4226856231689453,0.4226957857608795,0.4226128458976745,0.4222866594791412,0.4206690788269043,0.4176239967346191,0.4126560688018799,0.4076586663722992,0.4020772576332092,0.3962472081184387,0.3919812142848968,0.3880437910556793,0.3824533820152282,0.3784599006175995,0.3744394183158874,0.3715870380401611,0.3683492839336395,0.3670114278793335,0.3641033470630646,0.3615456521511078,0.360011339187622,0.3591741621494293,0.3586765229701996,0.3588004410266876,0.3589922785758972,0.3595127463340759,0.3592156171798706,0.3593731522560119,0.358813613653183,0.3588883280754089,0.3601647019386291,0.3661449551582336,0.3707110285758972,0.3729191422462463,0.373831570148468,0.3748423457145691,0.3754280805587768,0.3757345974445343,0.3759786784648895,0.3763201832771301,0.3763575553894043,0.3765457272529602,0.3766433596611023,0.3767857551574707,0.3767662346363067,0.3767035603523254,0.3766480386257171,0.3766047358512878,0.3765777051448822,0.3765648007392883,0.3765369057655334,0.3764999508857727,0.3764873147010803,0.3764536678791046,0.376228928565979,0.3761565685272217,0.3759696185588836,0.3757641911506653,0.3756694197654724,0.3755718171596527,0.3754971325397491,0.375177264213562,0.3749805688858032,0.3740937113761902,0.3732782006263733,0.372016966342926,0.3712208867073059,0.3701623678207397,0.3678920865058899,0.3658433854579925,0.3648819625377655,0.3641465902328491,0.3633540570735931,0.3629017472267151,0.3629580736160278,0.3625906109809875,0.362812340259552,0.3627305626869201,0.3628105819225311,0.3626992404460907,0.3623746931552887,0.3619453012943268,0.3615073561668396,0.3613495528697967,0.3608978390693664,0.3604850769042969,0.3604021668434143,0.3603826761245727,0.3603117763996124,0.3601531088352203,0.3600766062736511,0.3594172298908233,0.3593352138996124,0.359116643667221,0.3591226637363434,0.3594590425491333,0.36041459441185,0.3611336350440979,0.3615589737892151,0.3627071976661682,0.3635382950305938,0.364792913198471,0.3663667142391205,0.367332398891449,0.368705153465271,0.3694324791431427,0.371177613735199,0.3717565238475799,0.3726725578308105,0.3740430772304535,0.375467836856842,0.3774942457675934,0.3793558776378631,0.3813625574111938,0.3830977082252502,0.3852978348731994,0.3873519599437713,0.389949768781662,0.3919655680656433,0.3935257792472839,0.3962577581405639,0.3989154696464538,0.4013661444187164,0.4034113883972168,0.4047302305698395,0.4053674638271332,0.4069955348968506,0.4090908169746399,0.410480260848999,0.4128144681453705,0.4156424105167389,0.4174909591674804,0.4182447493076324,0.4185562133789062,0.4193370938301086,0.4194594919681549,0.4197501540184021,0.4199160635471344,0.4198487401008606,0.4196959137916565,0.4196346402168274,0.4195370674133301,0.4194729924201965,0.41951784491539,0.4195545315742492,0.4195960462093353,0.4196441173553467,0.4197229743003845,0.4197913110256195,0.4198618531227112
"(13, 'y')",0.3242702186107635,0.3268530964851379,0.3278225660324096,0.3299983739852905,0.3327339887619018,0.3334047198295593,0.3334104120731354,0.3332392275333404,0.3341398239135742,0.3346354961395263,0.334753930568695,0.3346870541572571,0.3346443176269531,0.3368840217590332,0.3379895985126495,0.3402665257453918,0.3430868089199066,0.3428781926631927,0.3478998839855194,0.3552070558071136,0.3633288145065307,0.3672932088375091,0.3717761635780334,0.3805084526538849,0.3872357606887817,0.3942024111747741,0.3992768228054046,0.4109287559986114,0.4238903522491455,0.4394137859344482,0.449760228395462,0.4603515565395355,0.4727608859539032,0.4786839783191681,0.4879068732261657,0.4998423159122467,0.510521650314331,0.5215575098991394,0.5289894342422485,0.5350403785705566,0.5455923080444336,0.5528364181518555,0.5598489046096802,0.5639116764068604,0.5724284052848816,0.5795685648918152,0.5854243636131287,0.5870944857597351,0.5867034792900085,0.5855759382247925,0.5855280160903931,0.5844181776046753,0.5833312273025513,0.5826250910758972,0.5822990536689758,0.5820421576499939,0.5816490650177002,0.5814791321754456,0.5812681913375854,0.5811097025871277,0.5806013345718384,0.5800142884254456,0.5799893736839294,0.5797304511070251,0.5792288184165955,0.579124391078949,0.5789762139320374,0.5788050889968872,0.5784129500389099,0.5780884027481079,0.5778696537017822,0.5776423215866089,0.5772466659545898,0.5770022869110107,0.5768111944198608,0.5765819549560547,0.5765552520751953,0.5765464901924133,0.5757904648780823,0.5732390880584717,0.5710686445236206,0.56880784034729,0.565422534942627,0.562625527381897,0.5591174364089966,0.554415225982666,0.5500386357307434,0.5438224077224731,0.5398058295249939,0.5341840386390686,0.5290848612785339,0.5253577828407288,0.5198076367378235,0.5157164931297302,0.5102182030677795,0.5052222609519958,0.4980245232582092,0.4944909811019897,0.4867302775382995,0.4826007485389709,0.4763239920139313,0.4711158871650696,0.4660388529300689,0.4620536267757416,0.4586962461471557,0.4553812742233276,0.4509178102016449,0.4467025399208069,0.4424879848957062,0.4390168190002441,0.433458924293518,0.4286253750324249,0.4257616698741913,0.421059638261795,0.4183838367462158,0.4147677421569824,0.4113180041313171,0.4066353738307953,0.4031760692596435,0.4000992178916931,0.3977942168712616,0.3939575254917145,0.3894898593425751,0.3862265646457672,0.3829151093959808,0.3805283904075622,0.3784645795822143,0.3769374787807464,0.3742479979991913,0.3730587363243103,0.371888518333435,0.3697674572467804,0.3662797808647156,0.3643341064453125,0.3620350658893585,0.3578636646270752,0.3573108613491058,0.3558494448661804,0.3524567782878876,0.3485752046108246,0.3460005223751068,0.3421475291252136,0.3389632403850555,0.3408979773521423,0.3418063819408417,0.3425058722496032,0.3430293500423431,0.3429677784442901,0.3426410853862762,0.3420564532279968,0.3417897820472717,0.3417690396308899,0.3416628837585449,0.3416933417320251,0.3416708409786224,0.341429591178894,0.3412112295627594,0.3412119746208191,0.3409969210624695,0.3409854471683502,0.3408841788768768
"(13, 'z')",-0.0962855666875839,-0.0691893324255943,-0.0363985672593116,-0.0516136102378368,-0.0588720627129077,-0.0490228161215782,-0.0527768023312091,-0.0510002486407756,-0.0533211231231689,-0.0475827418267726,-0.0341675020754337,-0.026134530082345,-0.0294762589037418,-0.0320223681628704,-0.0331251770257949,-0.0341347754001617,-0.033683530986309,-0.033629972487688,-0.0385083481669425,-0.0432559065520763,-0.025613585487008,-0.0208918061107397,-0.0223949737846851,-0.011458272114396,0.0200172625482082,0.0269766598939895,0.0253706481307744,0.013726757839322,-0.0020798770710825,0.0288821905851364,0.0414968803524971,0.0571244470775127,0.0483819283545017,0.0468519181013107,0.0533989295363426,0.0507864579558372,0.0475500114262104,0.0556697957217693,0.0617440938949584,0.061834804713726,0.0675212368369102,0.0778305605053901,0.0877166613936424,0.1048079282045364,0.0931867882609367,0.084531269967556,0.0796935260295867,0.0757404416799545,0.0611798167228698,0.0624617338180542,0.0654464587569236,0.0748013332486152,0.0774388462305069,0.0798082947731018,0.0833009034395217,0.0813131257891655,0.0774683132767677,0.0741977840662002,0.0706548243761062,0.0677959695458412,0.0682818815112114,0.0743535533547401,0.07474996894598,0.0813571587204933,0.082138791680336,0.0836791098117828,0.0866724029183387,0.0881430432200431,0.0877555459737777,0.0898614674806594,0.088950976729393,0.0918055549263954,0.0955454409122467,0.0975949093699455,0.105224385857582,0.1105321422219276,0.1117404922842979,0.1119349598884582,0.1114378944039344,0.1119762659072876,0.1110294237732887,0.1097917705774307,0.1095101460814476,0.1057217568159103,0.097730204463005,0.1046083942055702,0.1006407141685485,0.1006055474281311,0.0886189565062522,0.09071846306324,0.0852598398923873,0.0752700492739677,0.0655540004372596,0.0585865303874015,0.061815220862627,0.0656120032072067,0.0593750402331352,0.0622489340603351,0.0573462061583995,0.0587526336312294,0.0726950094103813,0.078741006553173,0.0782181546092033,0.0831101983785629,0.0814519971609115,0.0847542732954025,0.0873571634292602,0.0927861332893371,0.0910122469067573,0.0998156815767288,0.1151284426450729,0.1114605069160461,0.1103048771619796,0.1083375066518783,0.1070664972066879,0.0872666761279106,0.0758866369724273,0.0465688183903694,0.017742957919836,0.0363186821341514,0.0161191988736391,0.0058370167389512,0.0013677128590643,0.0004679081030189,0.0042333668097853,0.0026913243345916,0.0048022735863924,0.0036813947372138,0.0078759370371699,0.0157052259892225,0.0195210892707109,0.0100351627916097,0.0062449839897453,0.0075005320832133,0.0170255899429321,0.016018608585,0.005774341057986,-0.0084844101220369,-0.0064690127037465,-0.0090423692017793,-0.0145167764276266,-0.0102565372362732,-0.0297574549913406,-0.0217908173799514,-0.0219600312411785,-0.0358277782797813,-0.0575851872563362,-0.0501794703304767,-0.0467906109988689,-0.0471266098320484,-0.0444928742945194,-0.0444294288754463,-0.0459356792271137,-0.0478321723639965,-0.0532709471881389,-0.0621321126818656,-0.0751158520579338,-0.0684819817543029,-0.0668074563145637,-0.0654721334576606,-0.0699670016765594
"(13, 'visibility')",0.9380378723144532,0.9361336827278136,0.9340015053749084,0.9327139854431152,0.932344377040863,0.9295760989189148,0.9262401461601256,0.9222074747085572,0.9201176166534424,0.9191820025444032,0.9190621972084044,0.9180376529693604,0.9181120991706848,0.9202895164489746,0.9229395985603333,0.9267762899398804,0.9313476085662842,0.9347532391548156,0.9387218356132508,0.9431073069572448,0.9475010633468628,0.9515953660011292,0.9552802443504332,0.9582866430282592,0.9608060717582704,0.9628100395202636,0.9645206332206726,0.966763198375702,0.9689003825187684,0.9710745215415956,0.9726918339729308,0.9744760990142822,0.9760812520980836,0.97758811712265,0.979315996170044,0.9809643030166626,0.9824749827384948,0.983757495880127,0.9849525094032288,0.9860711097717284,0.9871381521224976,0.9881643652915956,0.9889733195304872,0.9894933700561525,0.9900144338607788,0.9904178380966188,0.9907965064048768,0.9912787079811096,0.9917728900909424,0.992268681526184,0.9926673769950868,0.9930107593536376,0.9932646751403807,0.9934861063957214,0.9936582446098328,0.9938210844993592,0.9940048456192015,0.9942120909690856,0.9944072961807252,0.9946086406707764,0.9947839379310608,0.9949556589126588,0.9951181411743164,0.9952735304832458,0.99538254737854,0.9954622983932496,0.9954943656921388,0.9955452680587769,0.995630979537964,0.9957248568534852,0.99579918384552,0.9958571195602416,0.995971977710724,0.996042549610138,0.9960856437683104,0.9961097240447998,0.9961355924606324,0.9961716532707214,0.9962511658668518,0.9963473081588744,0.99642151594162,0.9965258240699768,0.9966397285461426,0.9967722296714784,0.9968946576118468,0.9969435930252076,0.9970239996910096,0.9970126152038574,0.9970355033874512,0.9970163702964784,0.9969155788421632,0.9968047142028807,0.9966698288917542,0.9965684413909912,0.9964323043823242,0.996293604373932,0.9961061477661132,0.9958465099334716,0.9956233501434326,0.9954054355621338,0.9951615929603576,0.9950901865959167,0.99499773979187,0.994792103767395,0.9947261214256288,0.9945422410964966,0.9941941499710084,0.9939615726470948,0.9938635230064392,0.9937076568603516,0.993142545223236,0.992339849472046,0.9915821552276612,0.9906396865844728,0.9899780750274658,0.9893990159034728,0.9889934062957764,0.988565981388092,0.98839008808136,0.9883314371109008,0.9883853793144226,0.9885536432266236,0.9885678887367249,0.9884032011032104,0.9880884885787964,0.9878108501434326,0.9876075983047484,0.9873735308647156,0.9869403839111328,0.9864805936813354,0.9859238862991332,0.9848469495773317,0.9838956594467164,0.9831110835075378,0.9815335869789124,0.979954957962036,0.9778845310211182,0.9762021899223328,0.9743690490722656,0.971501648426056,0.968503475189209,0.9632359147071838,0.9585902690887452,0.955670952796936,0.9537308812141418,0.952086329460144,0.9500374794006348,0.9482941031455994,0.9472400546073914,0.945845365524292,0.9445027709007264,0.9437110424041748,0.9433407187461852,0.9433221220970154,0.9438517093658448,0.9442078471183776,0.9450738430023192,0.9458770751953124,0.9467647075653076,0.946917712688446,0.9473010301589966
"(14, 'x')",0.5112080574035645,0.5122591257095337,0.5125439167022705,0.5128384828567505,0.5129755735397339,0.5130778551101685,0.5133363008499146,0.5135110020637512,0.5137462615966797,0.5142499208450317,0.5143808126449585,0.5143932104110718,0.5143974423408508,0.514410138130188,0.5143887996673584,0.5144872665405273,0.5161036252975464,0.5174614787101746,0.5244336724281311,0.5283507704734802,0.5329422950744629,0.5373972654342651,0.541454553604126,0.5494046211242676,0.5538670420646667,0.5571720600128174,0.5603896379470825,0.5635488033294678,0.5671335458755493,0.5723573565483093,0.5741895437240601,0.5750762820243835,0.575808584690094,0.5762632489204407,0.5767835378646851,0.5773868560791016,0.5781273245811462,0.5784655809402466,0.5777317881584167,0.5771706104278564,0.576885998249054,0.5767534971237183,0.5757129192352295,0.5722302794456482,0.5691869258880615,0.5659350156784058,0.5634816884994507,0.563037633895874,0.563265323638916,0.563596248626709,0.5638090372085571,0.5638531446456909,0.5637300610542297,0.5636977553367615,0.5636119842529297,0.5635156035423279,0.5634584426879883,0.5634221434593201,0.5634461641311646,0.5634845495223999,0.5636426210403442,0.5642168521881104,0.5649524927139282,0.565707802772522,0.5658813714981079,0.5662060976028442,0.5665353536605835,0.5667444467544556,0.566796600818634,0.5669201612472534,0.5670300126075745,0.5671652555465698,0.5672001242637634,0.5672775506973267,0.5673943758010864,0.5674575567245483,0.5677394270896912,0.5682467222213745,0.5686757564544678,0.5691064596176147,0.5693529844284058,0.5697312355041504,0.5707510709762573,0.5716673731803894,0.573135495185852,0.5740966796875,0.5751753449440002,0.5753788352012634,0.5756253600120544,0.5755855441093445,0.5756605863571167,0.575617253780365,0.5755638480186462,0.5757883191108704,0.5766220688819885,0.5773808360099792,0.5780864953994751,0.5790116786956787,0.5794912576675415,0.5796304941177368,0.5799165964126587,0.580080509185791,0.5801618695259094,0.5801607966423035,0.5801931619644165,0.5801722407341003,0.5802106857299805,0.5801095962524414,0.579342246055603,0.5785002112388611,0.5776404738426208,0.5767009854316711,0.5755302309989929,0.574922502040863,0.5741797685623169,0.5728956460952759,0.5723150372505188,0.571689784526825,0.5704298615455627,0.5680825710296631,0.5666797757148743,0.5653240084648132,0.5637352466583252,0.5607403516769409,0.558718740940094,0.5577540993690491,0.5561639070510864,0.5545356869697571,0.5526314973831177,0.5514274835586548,0.5494272708892822,0.5479351282119751,0.5462456941604614,0.5432537198066711,0.5406816601753235,0.5370045900344849,0.5345901250839233,0.5323345065116882,0.5309144854545593,0.5285742282867432,0.5238881707191467,0.5214213728904724,0.5199518799781799,0.5185232162475586,0.5178086161613464,0.5173925757408142,0.5167728066444397,0.5158880949020386,0.5156466364860535,0.5156116485595703,0.5156066417694092,0.5155714750289917,0.5155690908432007,0.5157054662704468,0.5158133506774902,0.5157913565635681,0.5157427787780762,0.5157305002212524,0.5157239437103271,0.5156837701797485,0.515655517578125
"(14, 'y')",0.3388771414756775,0.3428303301334381,0.34332937002182,0.3424576222896576,0.3413876891136169,0.3412021994590759,0.3404738008975982,0.3399085998535156,0.3394321799278259,0.3385669291019439,0.3375855386257171,0.3370712697505951,0.3361437618732452,0.3354489803314209,0.3365016579627991,0.3410007059574127,0.3437064290046692,0.3490554094314575,0.3546502888202667,0.3689247667789459,0.3743645846843719,0.3768633902072906,0.3823805451393127,0.3869961500167846,0.3915647268295288,0.4012873470783233,0.410228818655014,0.4179434180259704,0.4286320507526397,0.435425341129303,0.4486765265464782,0.4593557715415954,0.4653220176696777,0.4734019339084625,0.4807714223861694,0.489524632692337,0.4975144267082214,0.5096650719642639,0.5214380025863647,0.5329006910324097,0.5432351231575012,0.5522611141204834,0.5626571178436279,0.5681167840957642,0.5758500099182129,0.5787992477416992,0.582746148109436,0.5859642028808594,0.586978554725647,0.5865601301193237,0.5864461064338684,0.5864002108573914,0.5858957767486572,0.5853046178817749,0.5850443243980408,0.5847676992416382,0.584622859954834,0.5843538641929626,0.5842772126197815,0.5843616724014282,0.584389865398407,0.5842835307121277,0.5842297673225403,0.5839611887931824,0.5833166837692261,0.5825973153114319,0.5818151235580444,0.5811780095100403,0.5809311270713806,0.5807377696037292,0.5805574059486389,0.5802521705627441,0.5799738764762878,0.5795406699180603,0.5789948105812073,0.5783208012580872,0.5776615738868713,0.5769823789596558,0.5759515762329102,0.5747863054275513,0.5735018253326416,0.5722897052764893,0.5712643265724182,0.5688246488571167,0.5638283491134644,0.559658944606781,0.5558450222015381,0.5503263473510742,0.547657310962677,0.5435661673545837,0.5397500395774841,0.5360879898071289,0.5325511693954468,0.5285142064094543,0.5234817862510681,0.5166162848472595,0.5122225880622864,0.5087854862213135,0.5047157406806946,0.4993732869625091,0.4946273267269134,0.4897058606147766,0.4847063422203064,0.4816741943359375,0.4783251881599426,0.4753470420837402,0.4717207252979278,0.4667754769325256,0.4619010984897613,0.4575709998607635,0.4504634439945221,0.4458880424499511,0.4416142404079437,0.437746524810791,0.4348464608192444,0.4325443208217621,0.4296364784240722,0.4245642721652984,0.4203231036663055,0.4150450527667999,0.4108543694019317,0.4073696434497833,0.4030601978302002,0.3997050821781158,0.3971347510814667,0.3929403126239776,0.3907378613948822,0.3872801959514618,0.3825743794441223,0.3790810406208038,0.3785817921161651,0.3763501346111297,0.3764553964138031,0.3725741505622864,0.3683965802192688,0.3663084208965301,0.3674207925796509,0.3662583529949188,0.3629894256591797,0.3574923276901245,0.3536243438720703,0.3478073477745056,0.344643622636795,0.340988427400589,0.3373610079288482,0.3353783190250397,0.3334640562534332,0.3327382504940033,0.3324804008007049,0.3329582810401916,0.3334867358207702,0.3340001106262207,0.3341604769229889,0.3342863023281097,0.3343977332115173,0.3340436816215515,0.3338403701782226,0.3338877856731415,0.3339423835277557,0.333970844745636,0.3340044319629669
"(14, 'z')",-0.0820610374212265,-0.0833807066082954,-0.0668992847204208,-0.0692270025610923,-0.0776685923337936,-0.0778174698352813,-0.0803754776716232,-0.0810862854123115,-0.0782578736543655,-0.0666426569223404,-0.0549840442836284,-0.0438340492546558,-0.0374648608267307,-0.0327574983239173,-0.0135629866272211,-0.0041171899065375,-0.0109414737671613,-0.0108149563893675,-0.0105192577466368,-0.0115186478942632,0.0143506126478314,0.0022159069776535,-0.0021896106190979,0.0080618597567081,0.0174576733261346,0.0136154294013977,0.0104293273761868,0.0021851072087883,-0.0020226845517754,0.0126696601510047,0.0187520552426576,0.0417395308613777,0.0447894148528575,0.0487282387912273,0.0592438094317913,0.0572394803166389,0.0674456432461738,0.0896962881088256,0.0945491343736648,0.1179648488759994,0.1300152540206909,0.1351090371608734,0.1497393101453781,0.166855126619339,0.1437863409519195,0.1401685327291488,0.1357549130916595,0.1384988278150558,0.1350935697555542,0.1389736980199813,0.138236790895462,0.139598473906517,0.1383961141109466,0.1381936371326446,0.1394743025302887,0.1389158517122268,0.1386639922857284,0.1384563744068145,0.1378367394208908,0.1359266936779022,0.1360952854156494,0.1382859647274017,0.1381942331790924,0.1417252421379089,0.1412085890769958,0.1429092437028885,0.142810508608818,0.1430898159742355,0.1459486037492752,0.1495151221752166,0.1495088636875152,0.1524466574192047,0.1591745167970657,0.1587987244129181,0.1648038327693939,0.167389303445816,0.1690327674150467,0.16927170753479,0.1679882705211639,0.1681292355060577,0.1675941348075866,0.1671595871448516,0.1667595207691192,0.1649808287620544,0.1571062803268432,0.1577714532613754,0.1484910398721695,0.1473211348056793,0.1343700587749481,0.132289245724678,0.1118349879980087,0.098510630428791,0.0823139995336532,0.0749620497226715,0.0761421546339988,0.0795048102736473,0.0715828388929367,0.0683199763298034,0.0561992451548576,0.0541429594159126,0.059873592108488,0.0611012056469917,0.0529495477676391,0.0526751689612865,0.0506358854472637,0.0544141829013824,0.0551771111786365,0.0625269934535026,0.0656496435403823,0.0731918066740036,0.0734074786305427,0.0734239891171455,0.0708134248852729,0.0604397058486938,0.0467331409454345,0.0229943413287401,0.0154270427301526,-0.0103667983785271,-0.0211846157908439,-0.0111667159944772,-0.0201965738087892,-0.0254719760268926,-0.0275939889252185,-0.0247151460498571,-0.0282977372407913,-0.0306917764246463,-0.0329936072230339,-0.0360338315367698,-0.0340124331414699,-0.033948041498661,-0.0321665666997432,-0.0529084615409374,-0.052178680896759,-0.0461231768131256,-0.0433410853147506,-0.0426341444253921,-0.0446038767695426,-0.0578721985220909,-0.0561286211013793,-0.0733364298939704,-0.0702942758798599,-0.0701911374926567,-0.0800523236393928,-0.0772989317774772,-0.0746096149086952,-0.0739400312304496,-0.0813205763697624,-0.0787878185510635,-0.0764810591936111,-0.0750867575407028,-0.0715203508734703,-0.0691168084740638,-0.0695810690522193,-0.0714895874261856,-0.0758823081851005,-0.0822356268763542,-0.0828906893730163,-0.0860639810562133,-0.0860852301120758,-0.0882172510027885,-0.0935695022344589
"(14, 'visibility')",0.8697521090507507,0.8757087588310242,0.8809949159622192,0.8879044055938721,0.8950768709182739,0.900142252445221,0.905215859413147,0.9096347093582152,0.9132530689239502,0.9161980748176576,0.9190434217453004,0.9208359122276306,0.9224315881729126,0.9239130020141602,0.9243236184120178,0.925085425376892,0.9277518391609192,0.9299700260162354,0.9332681894302368,0.9375399947166444,0.9412657618522644,0.9452310800552368,0.9489078521728516,0.95221745967865,0.9553250074386596,0.9583688974380492,0.9614790081977844,0.9642087817192078,0.96683269739151,0.9691404104232788,0.9710177779197692,0.9726305603981018,0.97376811504364,0.9750584959983826,0.976285994052887,0.9770049452781676,0.977241575717926,0.97681725025177,0.9765599966049194,0.9756627678871156,0.975036919116974,0.9742088913917542,0.97276771068573,0.9699664115905762,0.9661017656326294,0.962795078754425,0.9597136974334716,0.9578050971031188,0.9556034207344056,0.9538358449935912,0.9512395858764648,0.948521077632904,0.9452381134033204,0.942189872264862,0.9396762847900392,0.9375912547111512,0.93718159198761,0.937332808971405,0.9378035068511964,0.9386113286018372,0.939467191696167,0.9405710101127625,0.941830039024353,0.9432550668716432,0.944633960723877,0.9457736015319824,0.9468268156051636,0.947808027267456,0.9488375782966614,0.9499974846839904,0.950996160507202,0.9520041942596436,0.9531230926513672,0.9539918303489684,0.9547893404960632,0.9555158615112304,0.9562835097312928,0.9572277665138244,0.9582881331443788,0.9591809511184692,0.9599505066871644,0.9609900116920472,0.9618236422538756,0.9628340005874634,0.9639788269996644,0.96485835313797,0.9661110043525696,0.9669117331504822,0.9676495790481568,0.968193292617798,0.969087302684784,0.9699901342391968,0.971153438091278,0.97227680683136,0.9733441472053528,0.9743473529815674,0.9753522276878356,0.9764618873596193,0.9774436354637146,0.9783876538276672,0.9792869687080384,0.9801970720291138,0.9811268448829652,0.9818856120109558,0.9824317693710328,0.9826928973197936,0.9828433990478516,0.9830431938171388,0.9833807945251464,0.9835453033447266,0.9838635921478271,0.9841364622116088,0.9845645427703856,0.9849653244018556,0.9854536056518556,0.9860494136810304,0.986486554145813,0.9869202375411988,0.9871839284896852,0.9873948693275452,0.9875903129577636,0.987689197063446,0.9876593351364136,0.987396478652954,0.987131893634796,0.9868659377098083,0.9866794347763062,0.9861729145050048,0.985588550567627,0.9852095246315002,0.9848318099975586,0.984335482120514,0.9838634133338928,0.98322856426239,0.9822452664375304,0.9810989499092102,0.9798319339752196,0.9792534708976746,0.9785515069961548,0.9778950214385986,0.9770345091819764,0.9753760099411012,0.973331868648529,0.971751868724823,0.9709715843200684,0.9699939489364624,0.968601644039154,0.9670808911323548,0.9662362337112428,0.964638888835907,0.963176727294922,0.961823582649231,0.9609505534172058,0.9605162143707277,0.9606040120124816,0.9606752395629884,0.9601990580558776,0.9605092406272888,0.9606533050537108,0.960519313812256,0.9602760672569276
"(15, 'x')",0.4264926016330719,0.4264420568943023,0.4254179000854492,0.4234402179718017,0.4232616424560547,0.4215800762176513,0.4191084802150726,0.4191146790981293,0.4192424714565277,0.4199255108833313,0.4203673899173736,0.4207717776298523,0.4213540554046631,0.4214712977409363,0.4216306209564209,0.4226237833499908,0.422980397939682,0.4229867458343506,0.4217347502708435,0.4197893738746643,0.4161790013313293,0.4135630130767822,0.4112306535243988,0.4078432619571686,0.4054488241672516,0.4031617641448974,0.3998935222625732,0.3953676223754883,0.3945471048355102,0.3897636830806732,0.3860094249248504,0.3833349943161011,0.3815390467643738,0.3803374171257019,0.3794990479946136,0.3793272972106933,0.3780505061149597,0.3772886395454407,0.3764329254627228,0.3770111203193664,0.3767913579940796,0.3770289123058319,0.3773602247238159,0.3774118721485138,0.3775649070739746,0.3777069747447967,0.3776300549507141,0.3776261508464813,0.3776491582393646,0.3784167170524597,0.3794467151165008,0.3796318173408508,0.3796585500240326,0.3796900510787964,0.3799057900905609,0.3799290657043457,0.3799183070659637,0.3797199130058288,0.379454493522644,0.3793875277042389,0.379382312297821,0.3794232606887817,0.3794242739677429,0.3794455528259277,0.3794834613800049,0.3794736564159393,0.3795579075813293,0.3796248435974121,0.3796663880348205,0.3797377943992615,0.3797603249549866,0.3797973990440368,0.3798089623451233,0.3798307180404663,0.3798088729381561,0.3797444999217987,0.3795614242553711,0.3793328404426574,0.3791288137435913,0.3789940476417541,0.3788578808307647,0.3787150681018829,0.3785102069377899,0.3780307173728943,0.3779437243938446,0.3778640329837799,0.3778819739818573,0.3777848482131958,0.3776855766773224,0.3776859641075134,0.3776862025260925,0.3776389956474304,0.3777258694171905,0.3778752088546753,0.3781361877918243,0.3784577250480652,0.3790671527385711,0.379650205373764,0.3806052803993225,0.3810178935527801,0.3819251656532287,0.382534921169281,0.3832617402076721,0.3839316368103027,0.3841192126274109,0.3842554092407226,0.3847995698451996,0.3855007290840149,0.3860400319099426,0.3865274488925934,0.3869200050830841,0.3875544667243957,0.3888275027275085,0.3905996680259704,0.3917413055896759,0.3929217159748077,0.3938842117786407,0.3952692151069641,0.3959382772445678,0.3969820141792297,0.3978174030780792,0.3990841507911682,0.4006394743919372,0.4025772511959076,0.4046636521816253,0.4058988690376282,0.4072975516319275,0.4077522158622741,0.4090557694435119,0.4106762409210205,0.4115996360778808,0.4127975106239319,0.4140802323818207,0.4151978492736816,0.4160924553871155,0.4172960817813873,0.4179231524467468,0.4187385141849518,0.4193317890167236,0.4196617007255554,0.4196382164955139,0.4202109277248382,0.4205837249755859,0.4207841753959656,0.4207325577735901,0.4210258424282074,0.4209831655025482,0.4214895665645599,0.4216774106025696,0.4216988980770111,0.4216781556606293,0.4217892289161682,0.4218009114265442,0.4218533635139465,0.4219778180122375,0.4220362305641174,0.42216557264328,0.4222184717655182,0.4222970604896545,0.4223263263702392,0.4223600029945373
"(15, 'y')",0.2156124264001846,0.2154421508312225,0.2127759307622909,0.2111163437366485,0.2110403627157211,0.210258737206459,0.2082120478153228,0.2043566852807998,0.2046970129013061,0.2049747705459594,0.2054784595966339,0.2055672109127044,0.2057597041130066,0.2094589173793792,0.2121176570653915,0.2202101647853851,0.2272111922502517,0.2283175736665725,0.2319886535406112,0.2397245019674301,0.2483786046504974,0.2557324469089508,0.2663464248180389,0.2787848711013794,0.2902692854404449,0.301650732755661,0.3117578625679016,0.3171833753585815,0.3300924599170685,0.3405241370201111,0.3531947731971741,0.3646364510059356,0.3763555884361267,0.3809665143489837,0.3907534778118133,0.3983520567417145,0.4113589525222778,0.4212072193622589,0.4332125782966614,0.4324348866939544,0.4467417299747467,0.4600023925304413,0.4678979516029358,0.472507506608963,0.4788191020488739,0.4856358468532562,0.4926580786705017,0.49163618683815,0.4895289540290832,0.4890742897987366,0.4866926372051239,0.488436758518219,0.4889724254608154,0.4892192780971527,0.4889567196369171,0.4890304505825043,0.488778293132782,0.489143967628479,0.4897721111774444,0.4908144176006317,0.4908375144004822,0.4906400442123413,0.4904997646808624,0.490386426448822,0.4903324544429779,0.4902732372283935,0.489702433347702,0.4887025952339172,0.4876246154308319,0.4868908822536468,0.4861491024494171,0.4856210947036743,0.4853271842002868,0.4848974347114563,0.4837221801280975,0.4827331006526947,0.4816928505897522,0.4797639548778534,0.4771152138710022,0.4750827848911285,0.4728994965553283,0.4689050912857055,0.4657589793205261,0.4635458290576935,0.4605657756328583,0.4574970304965973,0.4522347450256347,0.4483966529369354,0.4452460706233978,0.4417167603969574,0.4384084939956665,0.4366427659988403,0.4310965538024902,0.4249087870121002,0.4160092771053314,0.4118287265300751,0.4038478434085846,0.3977473676204681,0.3896169066429138,0.3854280710220337,0.3806422650814056,0.3773375153541565,0.3744670152664184,0.3709103167057037,0.366554856300354,0.3622422814369201,0.356225848197937,0.3517589271068573,0.3478972315788269,0.3450352251529693,0.3424683809280395,0.3407891690731048,0.337399423122406,0.332714706659317,0.3254576921463012,0.3204000294208526,0.3165434002876282,0.3130988776683807,0.3117731809616089,0.3098843395709991,0.3072783350944519,0.3030945360660553,0.2964469194412231,0.2887807488441467,0.2818999886512756,0.2763814628124237,0.2724404633045196,0.2676105201244354,0.2636357545852661,0.2599442899227142,0.2588250935077667,0.2557984292507171,0.2505252957344055,0.2492993623018264,0.2467501908540725,0.2430060058832168,0.2425252050161361,0.2398517429828643,0.2358780056238174,0.2314291447401046,0.2273045182228088,0.2210854440927505,0.2167765349149704,0.2205089926719665,0.2223197966814041,0.2221630662679672,0.2211316376924514,0.2200949341058731,0.2187379598617553,0.2177410721778869,0.2178486734628677,0.2177194952964782,0.2172363847494125,0.2170242965221405,0.2170829772949218,0.2167146652936935,0.2158515900373459,0.2158758640289306,0.2159222066402435,0.2161999195814132,0.2162779867649078
"(15, 'z')",-0.1016844063997268,-0.084739401936531,-0.049296498298645,-0.063643679022789,-0.0709809809923172,-0.0630674362182617,-0.0653940439224243,-0.068012498319149,-0.069536954164505,-0.0607391782104969,-0.0422301217913627,-0.0328147336840629,-0.0366977490484714,-0.0410495102405548,-0.0424932464957237,-0.0440773144364357,-0.0450906231999397,-0.052771657705307,-0.0707665830850601,-0.073429100215435,-0.0374911800026893,-0.0305236466228961,-0.0353089459240436,-0.013988547027111,0.032271821051836,0.0431902967393398,0.0426899343729019,0.0201966892927885,0.0084316190332174,0.0732670575380325,0.0961864739656448,0.1264465749263763,0.1164827942848205,0.1180570721626281,0.1343223750591278,0.1130931228399276,0.1159684509038925,0.1535414904356002,0.1666570901870727,0.1768423020839691,0.1913775503635406,0.2086631506681442,0.2319250106811523,0.2635347247123718,0.2151288539171219,0.2092616260051727,0.202197715640068,0.1993242651224136,0.1841926574707031,0.1937311738729477,0.1994980871677398,0.2135349959135055,0.213771104812622,0.2163705825805664,0.2211136817932129,0.2162676155567169,0.2101119756698608,0.2031500041484832,0.1984128952026367,0.1925621479749679,0.1929066330194473,0.206713005900383,0.2064439952373504,0.2148307859897613,0.2146027535200119,0.2170756310224533,0.2214508801698684,0.2226604968309402,0.2211272418498993,0.2268470972776413,0.225052148103714,0.2302967309951782,0.2355546653270721,0.2367692291736602,0.2481617182493209,0.2545605897903442,0.2541926503181457,0.2529630362987518,0.2511837482452392,0.2504152953624725,0.2475784569978714,0.2468983829021453,0.2429374754428863,0.2296396940946579,0.2157201766967773,0.2286960780620575,0.2233968675136566,0.2251217812299728,0.203486368060112,0.2056092768907547,0.1911365687847137,0.174102708697319,0.1568028032779693,0.1477693021297454,0.1528176218271255,0.1564603596925735,0.1445465981960296,0.1491918861865997,0.1386591345071792,0.1420927494764328,0.1645355969667434,0.172637790441513,0.1710056960582733,0.1760555505752563,0.1752188056707382,0.1753769814968109,0.1759876012802124,0.1858018934726715,0.1824049949645996,0.19863823056221,0.2212666571140289,0.2164723575115203,0.2143166810274124,0.2077938020229339,0.1922067552804947,0.1550509631633758,0.1354429572820663,0.0787577033042907,0.0248490050435066,0.0491132512688636,0.0107430443167686,-0.0043411222286522,-0.0102175557985901,-0.0086776493117213,-0.0081341322511434,-0.0125163020566105,-0.0145222721621394,-0.018258262425661,-0.0054106675088405,0.0011286722728982,0.0047843917272984,-0.0077336304821074,-0.0131891416385769,-0.0086436700075864,-0.0017764000222086,-0.0019152734894305,-0.0152904344722628,-0.0331650376319885,-0.029284169897437,-0.0370945557951927,-0.0387185364961624,-0.0325947441160678,-0.0601309016346931,-0.0471807494759559,-0.0446968115866184,-0.0565284267067909,-0.0840985924005508,-0.0724441260099411,-0.0689375326037406,-0.0686410963535308,-0.0661869347095489,-0.0677215009927749,-0.0716818496584892,-0.0750476121902465,-0.0809677615761756,-0.0950108915567398,-0.1111734062433242,-0.1021033748984336,-0.0986236333847045,-0.097004123032093,-0.1039211302995681
"(15, 'visibility')",0.9567758440971376,0.9567509293556212,0.957482635974884,0.9585233330726624,0.9596177339553832,0.9600286483764648,0.9602957367897034,0.9606156349182128,0.96112722158432,0.9616453647613524,0.9622833132743835,0.9627169370651244,0.9632428288459778,0.9641432762145996,0.9651986360549928,0.9666283130645752,0.9679526090621948,0.9689933061599731,0.9702808260917664,0.971415400505066,0.9724102020263672,0.9730377793312072,0.9733589291572572,0.9722715616226196,0.971030056476593,0.9683308005332948,0.9656132459640504,0.9639153480529784,0.9600382447242736,0.9558384418487548,0.9524363279342652,0.9509776830673218,0.9496737122535706,0.9482998847961426,0.9484986662864684,0.949475884437561,0.949607789516449,0.9490774869918824,0.9487962126731871,0.9478622674942015,0.9462690949440002,0.9465690851211548,0.9446499347686768,0.9424444437026978,0.94148987531662,0.9397379159927368,0.9383199214935304,0.938659131526947,0.9398252964019777,0.9414204955101012,0.9424649477005004,0.9428262710571288,0.9430078864097596,0.943082630634308,0.9427410960197448,0.9424301981925964,0.94172340631485,0.9416356086730956,0.9413488507270812,0.9415397644042968,0.9412570595741272,0.9410620927810668,0.9411184787750244,0.9411212801933287,0.9406506419181824,0.9397001266479492,0.9381913542747498,0.9373782873153688,0.9371758699417114,0.9373822212219238,0.937338888645172,0.9373810291290284,0.938121259212494,0.938431203365326,0.9379010796546936,0.9368357062339784,0.935508668422699,0.9345239996910096,0.9338571429252625,0.9337612390518188,0.933465838432312,0.9339643716812134,0.9348291754722596,0.9365169405937196,0.9381023645401,0.9384724497795104,0.9394198656082152,0.9399044513702391,0.9407334923744202,0.9419184923171996,0.9425122141838074,0.9431162476539612,0.9441359043121338,0.945026397705078,0.9464643001556396,0.9475314021110536,0.9483447074890136,0.9483967423439026,0.9487725496292114,0.9488980770111084,0.9484844207763672,0.9485145807266236,0.9476661086082458,0.9466550350189208,0.9469944834709167,0.9468026161193848,0.9463440179824828,0.9464972615242004,0.947198748588562,0.9479254484176636,0.9478462338447572,0.9470041394233704,0.9454452395439148,0.9433145523071288,0.9420938491821288,0.9418447613716124,0.9422647356987,0.9436711072921752,0.9459140300750732,0.9477676749229432,0.9498741030693054,0.95199316740036,0.9539381861686708,0.9558053612709044,0.957184910774231,0.9581236243247986,0.9592341780662536,0.9604817032814026,0.96171897649765,0.9631144404411316,0.964547634124756,0.9654819965362548,0.966371476650238,0.9675576090812684,0.9681000113487244,0.9685989022254944,0.969408631324768,0.970317244529724,0.9709631204605104,0.9712443351745604,0.97169828414917,0.9715079069137572,0.9718010425567628,0.9720476269721984,0.9723633527755736,0.9726874828338624,0.9729748368263244,0.9733075499534608,0.9736233353614808,0.9737749099731444,0.9739671349525452,0.9742312431335448,0.974450945854187,0.97465980052948,0.9748572707176208,0.9750456213951112,0.9751372337341307,0.9753211736679076,0.9754071235656738,0.9753715395927428,0.9753904342651368
"(16, 'x')",0.5140222907066345,0.5136328935623169,0.5133447647094727,0.513452410697937,0.5134869813919067,0.5135876536369324,0.514797031879425,0.5150423645973206,0.5159438848495483,0.516157329082489,0.5161449313163757,0.5161293745040894,0.5161972641944885,0.5168205499649048,0.5168421864509583,0.5167486667633057,0.5165491700172424,0.5171784162521362,0.5187109708786011,0.5210891366004944,0.5244323015213013,0.5265861749649048,0.5285328030586243,0.5318172574043274,0.534190833568573,0.5366957187652588,0.5383012890815735,0.5420348048210144,0.5440201163291931,0.5457055568695068,0.5483190417289734,0.5517914295196533,0.5523098707199097,0.5534970164299011,0.554265022277832,0.5549054145812988,0.5553773045539856,0.557506799697876,0.5591744184494019,0.5611768960952759,0.5630258321762085,0.5630109906196594,0.5623162984848022,0.5617638230323792,0.5614341497421265,0.5611823797225952,0.5606415867805481,0.5605460405349731,0.5604914426803589,0.5604617595672607,0.5603764057159424,0.5602107048034668,0.5600465536117554,0.5597965717315674,0.5596400499343872,0.5595062375068665,0.5594789981842041,0.5594394207000732,0.5594242811203003,0.5593848824501038,0.5592876672744751,0.5592592358589172,0.5592615604400635,0.5594466924667358,0.5594671964645386,0.5594306588172913,0.5594221353530884,0.559414267539978,0.559406578540802,0.5593944787979126,0.5593494176864624,0.5593435764312744,0.5592054724693298,0.559070885181427,0.5589853525161743,0.5589075684547424,0.558894157409668,0.5588909387588501,0.5589169263839722,0.5589833855628967,0.5593302249908447,0.5595315098762512,0.5596047043800354,0.5600169897079468,0.5604208707809448,0.5610216856002808,0.5616632699966431,0.5616349577903748,0.5616564750671387,0.5617276430130005,0.5621936321258545,0.5622481107711792,0.562498927116394,0.5625812411308289,0.5625747442245483,0.5617322325706482,0.5616577863693237,0.5611658096313477,0.5609913468360901,0.5606304407119751,0.560243546962738,0.5599492788314819,0.5592876076698303,0.5590416193008423,0.5588853359222412,0.5586205720901489,0.558204174041748,0.557418704032898,0.5561797022819519,0.5553710460662842,0.5546331405639648,0.5533208250999451,0.5526419281959534,0.5520517826080322,0.5515127182006836,0.5507417321205139,0.5496475100517273,0.5486312508583069,0.5478633642196655,0.5457059741020203,0.5439462661743164,0.5423378944396973,0.5419034361839294,0.5406092405319214,0.5391454696655273,0.5377760529518127,0.5360519289970398,0.5340505838394165,0.533094584941864,0.5328565835952759,0.5329667925834656,0.5323079824447632,0.5322920680046082,0.5317277908325195,0.5309704542160034,0.5302992463111877,0.5298436880111694,0.5267395377159119,0.5241014957427979,0.5206987857818604,0.5188598036766052,0.5194724798202515,0.5180405378341675,0.5171033143997192,0.5171903371810913,0.5177050828933716,0.5180580019950867,0.5176994204521179,0.5175739526748657,0.517547070980072,0.517351508140564,0.5172367691993713,0.5172752737998962,0.5175744295120239,0.5181777477264404,0.5182496905326843,0.5181452035903931,0.5181549787521362,0.5181625485420227,0.5181735157966614,0.518170952796936
"(16, 'y')",0.2242568284273147,0.2235904335975647,0.2233828455209732,0.218970313668251,0.2168726325035095,0.2127660512924194,0.2096992880105972,0.2091331034898758,0.2094652652740478,0.2093644738197326,0.2095358073711395,0.2097342759370803,0.2098537683486938,0.2097535282373428,0.2126113325357437,0.2195108830928802,0.2244054526090622,0.2286495417356491,0.2365871220827102,0.2502313256263733,0.2578791379928589,0.2612947225570678,0.2687966525554657,0.2807310223579407,0.2887032032012939,0.295637309551239,0.303089827299118,0.3135160803794861,0.3229638338088989,0.3318770229816437,0.3437427282333374,0.3552809357643127,0.3655897676944732,0.3732437491416931,0.379783421754837,0.3906078338623047,0.3990778923034668,0.4125877320766449,0.4262687265872955,0.4356919229030609,0.4442236125469208,0.4537101686000824,0.4644466340541839,0.4743219912052154,0.4859401285648346,0.4923481941223144,0.4967843294143677,0.499093621969223,0.5010564923286438,0.5010392665863037,0.5015462040901184,0.5016091465950012,0.5010669827461243,0.5010553002357483,0.5007891058921814,0.5008096098899841,0.5005548000335693,0.5001727342605591,0.4996658861637115,0.4993133246898651,0.499174952507019,0.49883833527565,0.498385488986969,0.497457891702652,0.4964823722839355,0.4954567849636078,0.4943866431713104,0.4933942258358001,0.492790013551712,0.4923588633537292,0.4918866753578186,0.4912816882133484,0.4907369911670685,0.4897850453853607,0.4886803925037384,0.4874688386917114,0.4857414364814758,0.4840627312660217,0.4825015068054199,0.4811399281024933,0.4798664450645447,0.477866917848587,0.476296603679657,0.4724432528018951,0.4679235219955444,0.4630836546421051,0.4595702290534973,0.4551682472229004,0.4527408480644226,0.4505828320980072,0.4476454854011535,0.4452611207962036,0.4415498971939087,0.4364078938961029,0.4319691658020019,0.4223174750804901,0.4158813953399658,0.4100131094455719,0.403652012348175,0.3989844918251037,0.3950505554676056,0.3918485045433044,0.3858300447463989,0.3825566172599792,0.3788107931613922,0.3755964934825897,0.3728381991386413,0.3699548542499542,0.3651391267776489,0.3612328469753265,0.3560626208782196,0.351993590593338,0.3474390804767608,0.3427500128746032,0.3398423492908478,0.3373981416225433,0.3350526094436645,0.3300729990005493,0.3262873888015747,0.3205932080745697,0.3158561587333679,0.3119309842586517,0.3099565804004669,0.3078208267688751,0.3037843704223633,0.298396348953247,0.2921029329299927,0.2826874256134033,0.2798300981521606,0.2764246165752411,0.2759678661823272,0.272165983915329,0.2719216048717499,0.2669918239116668,0.2616191208362579,0.2582859694957733,0.2595383524894714,0.2533019483089447,0.2426708787679672,0.2320509999990463,0.2285276800394058,0.2084578573703766,0.2144628316164016,0.2139885574579239,0.2078168243169784,0.1994176656007766,0.1928500235080719,0.1983448266983032,0.199534073472023,0.2015607804059982,0.2029963880777359,0.2037991881370544,0.2043649107217788,0.2036864459514618,0.2025402039289474,0.2017963230609893,0.2018609791994094,0.2020453512668609,0.2021954357624054,0.2022748291492462,0.2023566514253616
"(16, 'z')",-0.0416337810456752,-0.0369310192763805,-0.0067132427357137,-0.0165141317993402,-0.0300096534192562,-0.0283877551555633,-0.0289141088724136,-0.0322846956551075,-0.023186307400465,-0.0049012694507837,0.0106650376692414,0.030817974358797,0.0352498367428779,0.0362114273011684,0.0651448965072631,0.0760002583265304,0.0620451159775257,0.0624527260661125,0.0558442063629627,0.051711481064558,0.0891083329916,0.0727556720376014,0.052396435290575,0.0683513730764389,0.0915271788835525,0.0801586955785751,0.0754302740097045,0.0543386340141296,0.0459881871938705,0.0778357535600662,0.1012534871697425,0.1360057294368744,0.1482270210981369,0.1420131027698516,0.1595419943332672,0.1657060086727142,0.1819004416465759,0.2212905138731002,0.2335116118192672,0.2720776498317718,0.2913386523723602,0.2980631291866302,0.3193980753421783,0.3417080342769623,0.3115987479686737,0.3096151947975158,0.2976011633872986,0.3007268607616424,0.2964447140693664,0.3062492609024048,0.30634805560112,0.3086540699005127,0.3072941899299621,0.3084180355072021,0.3096897006034851,0.3077824711799621,0.3076347410678863,0.3071039319038391,0.3065563440322876,0.3037269711494446,0.3043912053108215,0.3076712191104889,0.3076038956642151,0.3122174739837646,0.3111868798732757,0.3145032525062561,0.3135867416858673,0.3139184713363647,0.3176645934581756,0.3221088051795959,0.3218612372875213,0.3260138630867004,0.33662149310112,0.3339301943778991,0.3426215648651123,0.345811516046524,0.3490672707557678,0.3503077924251556,0.3488819003105163,0.3506059944629669,0.3483365178108215,0.349850982427597,0.3491661250591278,0.3465632796287536,0.3362025022506714,0.3370938599109649,0.3238208889961242,0.3197194039821625,0.3017823100090027,0.2974556982517242,0.266836553812027,0.2481013536453247,0.2225693017244339,0.2119015455245971,0.2128305435180664,0.2135190069675445,0.1963759958744049,0.1909684985876083,0.1734001338481903,0.1701396852731704,0.173947662115097,0.171807587146759,0.1563844680786132,0.1544133573770523,0.1511834114789962,0.159890204668045,0.1645179837942123,0.1668701469898224,0.1684803217649459,0.179188847541809,0.179549291729927,0.1825747191905975,0.1803703010082245,0.1570397913455963,0.1356032490730285,0.0967491418123245,0.0865088254213333,0.0459661148488521,0.0349123552441597,0.0486783720552921,0.0355478152632713,0.0305507518351078,0.0284617487341165,0.0339572317898273,0.0307003315538167,0.0258451290428638,0.0205313377082347,0.0189450867474079,0.0229091998189687,0.0230506639927625,0.0256283227354288,0.009019830264151,0.0145344827324152,0.0191771648824214,0.0268311146646738,0.0255380962044,0.0216298755258321,-0.0031457189470529,-0.0011904527200385,-0.0284425131976604,-0.0170977469533681,-0.0089432364329695,-0.016848923638463,-0.0145383356139063,-0.0152062224224209,-0.0188790187239646,-0.0351439118385314,-0.0299018621444702,-0.0243186634033918,-0.0151251871138811,-0.0038779019378125,0.0005412764148786,-0.0008193444227799,-0.0047173285856842,-0.0145475771278142,-0.0282121952623128,-0.0329630151391029,-0.0381176546216011,-0.0380040220916271,-0.0410491935908794,-0.0497647300362587
"(16, 'visibility')",0.96812504529953,0.9696657061576844,0.9712316393852234,0.9730841517448424,0.9749435782432556,0.9764447808265686,0.9778940081596376,0.9792062044143676,0.9801634550094604,0.9809862971305848,0.9817430377006532,0.9822969436645508,0.9826916456222534,0.9829397797584534,0.9828936457633972,0.9829208850860596,0.9833006262779236,0.9834753274917604,0.9840238094329834,0.9848742485046388,0.9855425357818604,0.9862475991249084,0.9869540929794312,0.9874292016029358,0.9879046678543092,0.9884163737297058,0.9889851808547974,0.989449381828308,0.9896715879440308,0.9893990159034728,0.9889196753501892,0.988048017024994,0.9863727688789368,0.9849893450737,0.9831508994102478,0.9797441959381104,0.9743679761886596,0.9653179049491882,0.9558618068695068,0.9403969049453736,0.923047661781311,0.9074419140815736,0.8901627659797668,0.8727660775184631,0.8518708348274231,0.8327792882919312,0.8169934153556824,0.8054223656654358,0.7921924591064453,0.7809918522834778,0.7660719156265259,0.7508173584938049,0.7357786893844604,0.7219135165214539,0.7102259397506714,0.7001774311065674,0.6941123604774475,0.6894477009773254,0.6860327124595642,0.6844074726104736,0.6831259727478027,0.6832786202430725,0.6842536926269531,0.6857975125312805,0.6879684329032898,0.6891451478004456,0.6900444626808167,0.6910176277160645,0.6923940181732178,0.6949090361595154,0.6968678832054138,0.6996878981590271,0.7022533416748047,0.7041611075401306,0.7053067088127136,0.7058584094047546,0.7060686349868774,0.7075794339179993,0.7081995606422424,0.7067353129386902,0.7039462327957153,0.7037177681922913,0.702695906162262,0.7038237452507019,0.7064585089683533,0.709492027759552,0.7147520780563354,0.720431923866272,0.7253880500793457,0.7317277193069458,0.7414684891700745,0.7513605356216431,0.7638121247291565,0.7756126523017883,0.7882438898086548,0.8010222911834717,0.8132089376449585,0.8257564902305603,0.837885320186615,0.8494900465011597,0.8605284094810486,0.8705935478210449,0.8800908327102661,0.8890329003334045,0.8969748616218567,0.9039148688316344,0.9100603461265564,0.915833294391632,0.921546757221222,0.9268547296524048,0.9321593642234802,0.936977207660675,0.9416168332099916,0.9460238814353944,0.9502227902412416,0.9543919563293456,0.9582000970840454,0.9618688225746156,0.9651498198509216,0.968109667301178,0.970806121826172,0.9732008576393129,0.9753172993659972,0.9772105813026428,0.9789209365844728,0.980421781539917,0.9817904829978944,0.9829229712486268,0.9839652180671692,0.98502379655838,0.985945999622345,0.9866823554039,0.9872227907180786,0.9876911640167236,0.9880431294441224,0.988256812095642,0.9884329438209534,0.9888368248939514,0.9891501665115356,0.9895134568214417,0.989751160144806,0.9897772669792176,0.9897791147232056,0.989875078201294,0.9900902509689332,0.990221917629242,0.9902790188789368,0.990277886390686,0.9903523325920104,0.9901604056358336,0.9899872541427612,0.989788830280304,0.98967045545578,0.9896087050437928,0.9896413087844848,0.9897474646568298,0.9897039532661438,0.9898685812950134,0.9899566769599916,0.9900293350219728,0.9900667667388916
